-- phpMyAdmin SQL Dump
-- version 5.2.1
-- https://www.phpmyadmin.net/
--
-- Хост: 127.0.0.1:3306
-- Время создания: Мар 26 2025 г., 20:43
-- Версия сервера: 9.1.0
-- Версия PHP: 8.3.14

SET SQL_MODE = "NO_AUTO_VALUE_ON_ZERO";
START TRANSACTION;
SET time_zone = "+00:00";


/*!40101 SET @OLD_CHARACTER_SET_CLIENT=@@CHARACTER_SET_CLIENT */;
/*!40101 SET @OLD_CHARACTER_SET_RESULTS=@@CHARACTER_SET_RESULTS */;
/*!40101 SET @OLD_COLLATION_CONNECTION=@@COLLATION_CONNECTION */;
/*!40101 SET NAMES utf8mb4 */;

--
-- База данных: `laptop_market`
--

-- --------------------------------------------------------

--
-- Структура таблицы `customers`
--

DROP TABLE IF EXISTS `customers`;
CREATE TABLE IF NOT EXISTS `customers` (
  `id` int NOT NULL AUTO_INCREMENT,
  `name` varchar(255) COLLATE utf8mb4_unicode_ci NOT NULL,
  `email` varchar(100) COLLATE utf8mb4_unicode_ci NOT NULL,
  `phone` varchar(20) COLLATE utf8mb4_unicode_ci DEFAULT NULL,
  `address` text COLLATE utf8mb4_unicode_ci,
  `created_at` timestamp NULL DEFAULT CURRENT_TIMESTAMP,
  PRIMARY KEY (`id`)
) ENGINE=MyISAM AUTO_INCREMENT=28 DEFAULT CHARSET=utf8mb4 COLLATE=utf8mb4_unicode_ci;

--
-- Дамп данных таблицы `customers`
--

INSERT INTO `customers` (`id`, `name`, `email`, `phone`, `address`, `created_at`) VALUES
(1, 'Віктор Малівський', 'ipz235_mva@student.ztu.edu.ua', '0986057400', 'Чуднівська 98', '2025-03-19 14:27:49'),
(2, 'Анна Лавнікович', 'Anna_08@gmail.com', '0685036636', 'Київська 98', '2025-03-19 17:57:23'),
(3, 'Віктор Малівський', 'ipz235_mva@student.ztu.edu.ua', '0986057400', 'Чуднівська 98', '2025-03-24 14:02:35'),
(4, 'Анна Лавнікович', 'Anna_08@gmail.com', '0685036636', 'Київська 98', '2025-03-24 14:54:28'),
(5, 'Віктор Малівський', 'ipz235_mva@student.ztu.edu.ua', '0986057400', 'Чуднівська 98', '2025-03-24 15:49:08'),
(6, 'Віктор Малівський', 'ipz235_mva@student.ztu.edu.ua', '0986057400', 'Чуднівська 98', '2025-03-24 16:57:47'),
(7, 'Віктор Малівський', 'ipz235_mva@student.ztu.edu.ua', '0986057400', 'Чуднівська 98', '2025-03-24 17:39:43'),
(8, 'Віктор Малівський', 'ipz235_mva@student.ztu.edu.ua', '0986057400', 'Чуднівська 98', '2025-03-24 17:47:28'),
(9, 'Віктор Малівський', 'ipz235_mva@student.ztu.edu.ua', '0986057400', 'Чуднівська 98', '2025-03-24 17:52:06'),
(10, 'Віктор Малівський', 'ipz235_mva@student.ztu.edu.ua', '0986057400', 'Чуднівська 98', '2025-03-24 18:02:13'),
(11, 'Віктор Малівський', 'ipz235_mva@student.ztu.edu.ua', '0986057400', 'Чуднівська 98', '2025-03-24 19:14:10'),
(12, 'Віктор Малівський', 'ipz235_mva@student.ztu.edu.ua', '0986057400', 'Чуднівська 98', '2025-03-24 19:18:57'),
(13, 'Віктор Малівський', 'ipz235_mva@student.ztu.edu.ua', '0986057400', 'Чуднівська 98', '2025-03-24 19:20:44'),
(14, 'Анна Лавнікович', 'Anna_08@gmail.com', '0685036636', 'Київська 98', '2025-03-24 19:21:32'),
(15, 'Віктор Малівський', 'ipz235_mva@student.ztu.edu.ua', '0986057400', 'Чуднівська 98', '2025-03-24 20:21:45'),
(16, 'Віктор Малівський', 'ipz235_mva@student.ztu.edu.ua', '0986057400', 'Чуднівська 98', '2025-03-24 20:28:54'),
(17, 'Аннф Лавнікович', 'Anna_08@gmail.com', '0685036636', 'Київська 98', '2025-03-25 14:52:59'),
(18, 'Віктор Малівський', 'ipz235_mva@student.ztu.edu.ua', '0986057400', 'Чуднівська 98', '2025-03-25 15:18:41'),
(19, 'Віктор Малівський', 'ipz235_mva@student.ztu.edu.ua', '0986057400', 'Чуднівська 98', '2025-03-25 15:37:11'),
(20, 'Віктор Малівський', 'ipz235_mva@student.ztu.edu.ua', '0986057400', 'Чуднівська 98', '2025-03-25 18:23:54'),
(21, 'Віктор Малівський', 'ipz235_mva@student.ztu.edu.ua', '0986057400', 'Чуднівська 98', '2025-03-26 10:23:40'),
(22, 'Віктор Малівський', 'ipz235_mva@student.ztu.edu.ua', '0986057400', 'Чуднівська 98', '2025-03-26 10:43:00'),
(23, 'Віктор Малівський', 'ipz235_mva@student.ztu.edu.ua', '0986057400', 'Чуднівська 98', '2025-03-26 12:57:09'),
(24, 'Віктор Малівський', 'ipz235_mva@student.ztu.edu.ua', '0986057400', 'Чуднівська 98', '2025-03-26 13:37:37'),
(25, 'Віктор Малівський', 'ipz235_mva@student.ztu.edu.ua', '0986057400', 'Чуднівська 98', '2025-03-26 19:56:11'),
(26, 'Віктор Малівський', 'ipz235_mva@student.ztu.edu.ua', '0986057400', 'Чуднівська 98', '2025-03-26 20:26:09'),
(27, 'Віктор Малівський', 'ipz235_mva@student.ztu.edu.ua', '0986057400', 'Чуднівська 98', '2025-03-26 20:40:13');

-- --------------------------------------------------------

--
-- Структура таблицы `games`
--

DROP TABLE IF EXISTS `games`;
CREATE TABLE IF NOT EXISTS `games` (
  `id` int NOT NULL AUTO_INCREMENT,
  `game_code` varchar(50) COLLATE utf8mb4_unicode_ci NOT NULL,
  `game_name` varchar(100) COLLATE utf8mb4_unicode_ci NOT NULL,
  `min_fps` int NOT NULL,
  `max_fps` int NOT NULL,
  `category` enum('Shooter','RPG','Competitive') COLLATE utf8mb4_unicode_ci NOT NULL,
  PRIMARY KEY (`id`),
  UNIQUE KEY `game_code` (`game_code`)
) ENGINE=MyISAM AUTO_INCREMENT=28 DEFAULT CHARSET=utf8mb4 COLLATE=utf8mb4_unicode_ci;

--
-- Дамп данных таблицы `games`
--

INSERT INTO `games` (`id`, `game_code`, `game_name`, `min_fps`, `max_fps`, `category`) VALUES
(1, 'csgo', 'CS:GO', 120, 300, 'Shooter'),
(2, 'cyberpunk', 'Cyberpunk 2077', 40, 120, 'RPG'),
(3, 'valorant', 'Valorant', 100, 240, 'Competitive'),
(4, 'gta5', 'Grand Theft Auto V', 50, 150, ''),
(5, 'witcher3', 'The Witcher 3: Wild Hunt', 45, 120, 'RPG'),
(6, 'fortnite', 'Fortnite', 80, 240, ''),
(7, 'apex', 'Apex Legends', 60, 180, ''),
(8, 'minecraft', 'Minecraft', 150, 600, ''),
(9, 'rdr2', 'Red Dead Redemption 2', 35, 100, ''),
(10, 'doom', 'DOOM Eternal', 120, 300, 'Shooter'),
(11, 'lol', 'League of Legends', 100, 300, ''),
(12, 'dota2', 'Dota 2', 80, 240, ''),
(13, 'overwatch', 'Overwatch 2', 90, 240, 'Shooter'),
(14, 'bf2042', 'Battlefield 2042', 50, 144, 'Shooter'),
(15, 'codmw', 'Call of Duty: Modern Warfare II', 60, 180, 'Shooter'),
(16, 'farcry6', 'Far Cry 6', 50, 144, ''),
(17, 'pubg', 'PUBG: Battlegrounds', 60, 144, ''),
(18, 'fallout4', 'Fallout 4', 40, 120, 'RPG'),
(19, 'eldenring', 'Elden Ring', 50, 140, 'RPG'),
(20, 'fifa23', 'FIFA 23', 60, 144, ''),
(21, 'nba2k23', 'NBA 2K23', 60, 144, ''),
(22, 'msfs', 'Microsoft Flight Simulator', 30, 90, ''),
(23, 'civ6', 'Civilization VI', 60, 120, ''),
(24, 'starcraft2', 'StarCraft II', 80, 200, ''),
(25, 'darkestdungeon', 'Darkest Dungeon', 60, 120, ''),
(26, 'subnautica', 'Subnautica', 50, 100, ''),
(27, 'tarkov', 'Escape from Tarkov', 45, 120, 'Shooter');

-- --------------------------------------------------------

--
-- Структура таблицы `orders`
--

DROP TABLE IF EXISTS `orders`;
CREATE TABLE IF NOT EXISTS `orders` (
  `id` int NOT NULL AUTO_INCREMENT,
  `customer_id` int NOT NULL,
  `order_number` varchar(50) COLLATE utf8mb4_unicode_ci NOT NULL,
  `total_amount` decimal(10,2) NOT NULL,
  `payment_method` enum('cash','card') COLLATE utf8mb4_unicode_ci NOT NULL,
  `status` enum('pending','processing','shipped','delivered','cancelled') COLLATE utf8mb4_unicode_ci DEFAULT 'pending',
  `shipping_address` text COLLATE utf8mb4_unicode_ci NOT NULL,
  `created_at` timestamp NULL DEFAULT CURRENT_TIMESTAMP,
  `updated_at` timestamp NULL DEFAULT CURRENT_TIMESTAMP ON UPDATE CURRENT_TIMESTAMP,
  PRIMARY KEY (`id`),
  UNIQUE KEY `order_number` (`order_number`),
  KEY `customer_id` (`customer_id`)
) ENGINE=MyISAM AUTO_INCREMENT=16 DEFAULT CHARSET=utf8mb4 COLLATE=utf8mb4_unicode_ci;

--
-- Дамп данных таблицы `orders`
--

INSERT INTO `orders` (`id`, `customer_id`, `order_number`, `total_amount`, `payment_method`, `status`, `shipping_address`, `created_at`, `updated_at`) VALUES
(1, 13, 'ORDER-20250324192044-3117', 35999.00, 'cash', 'pending', 'Чуднівська 98', '2025-03-24 19:20:44', '2025-03-24 19:20:44'),
(2, 14, 'ORDER-20250324192132-5180', 117131.00, 'cash', 'pending', '', '2025-03-24 19:21:32', '2025-03-24 19:21:32'),
(3, 15, 'ORDER-20250324202145-5824', 81131.00, 'cash', 'pending', '', '2025-03-24 20:21:45', '2025-03-24 20:21:45'),
(4, 16, 'ORDER-20250324202854-6046', 104534.00, 'cash', 'pending', '', '2025-03-24 20:28:54', '2025-03-24 20:28:54'),
(5, 17, 'ORDER-20250325145259-5054', 35999.00, 'cash', 'pending', '', '2025-03-25 14:52:59', '2025-03-25 14:52:59'),
(6, 18, 'ORDER-20250325151841-9757', 107997.00, 'cash', 'pending', '', '2025-03-25 15:18:41', '2025-03-25 15:18:41'),
(7, 19, 'ORDER-20250325153711-3253', 35999.00, 'cash', 'pending', '', '2025-03-25 15:37:11', '2025-03-25 15:37:11'),
(8, 20, 'ORDER-20250325182354-8944', 35999.00, 'cash', 'pending', '', '2025-03-25 18:23:54', '2025-03-25 18:23:54'),
(9, 21, 'ORDER-20250326102340-3034', 63998.00, 'cash', 'pending', '', '2025-03-26 10:23:40', '2025-03-26 10:23:40'),
(10, 22, 'ORDER-20250326104300-3492', 33999.00, 'cash', 'pending', '', '2025-03-26 10:43:00', '2025-03-26 10:43:00'),
(11, 23, 'ORDER-20250326125709-5538', 35999.00, 'card', 'pending', '', '2025-03-26 12:57:09', '2025-03-26 12:57:09'),
(12, 24, 'ORDER-20250326133737-9011', 71998.00, 'card', 'pending', '', '2025-03-26 13:37:37', '2025-03-26 13:37:37'),
(13, 25, 'ORDER-20250326195611-2288', 173198.00, 'card', 'pending', '', '2025-03-26 19:56:11', '2025-03-26 19:56:11'),
(14, 26, 'ORDER-20250326202609-7600', 134594.00, 'card', 'pending', '', '2025-03-26 20:26:09', '2025-03-26 20:26:09'),
(15, 27, 'ORDER-20250326204013-3970', 29999.00, 'card', 'pending', '', '2025-03-26 20:40:13', '2025-03-26 20:40:13');

-- --------------------------------------------------------

--
-- Структура таблицы `order_items`
--

DROP TABLE IF EXISTS `order_items`;
CREATE TABLE IF NOT EXISTS `order_items` (
  `id` int NOT NULL AUTO_INCREMENT,
  `order_id` int NOT NULL,
  `product_id` int NOT NULL,
  `quantity` int NOT NULL,
  `price` decimal(10,2) NOT NULL,
  PRIMARY KEY (`id`),
  KEY `order_id` (`order_id`),
  KEY `product_id` (`product_id`)
) ENGINE=MyISAM AUTO_INCREMENT=23 DEFAULT CHARSET=utf8mb4 COLLATE=utf8mb4_unicode_ci;

--
-- Дамп данных таблицы `order_items`
--

INSERT INTO `order_items` (`id`, `order_id`, `product_id`, `quantity`, `price`) VALUES
(1, 1, 1, 1, 35999.00),
(2, 2, 3, 1, 36000.00),
(3, 2, 4, 1, 81131.00),
(4, 3, 4, 1, 81131.00),
(5, 4, 3, 1, 36000.00),
(6, 4, 2, 1, 68534.00),
(7, 5, 1, 1, 35999.00),
(8, 6, 1, 3, 35999.00),
(9, 7, 1, 1, 35999.00),
(10, 8, 1, 1, 35999.00),
(11, 9, 20, 1, 29999.00),
(12, 9, 18, 1, 33999.00),
(13, 10, 18, 1, 33999.00),
(14, 11, 1, 1, 35999.00),
(15, 12, 1, 2, 35999.00),
(16, 13, 6, 1, 29999.00),
(17, 13, 8, 1, 13199.00),
(18, 13, 10, 2, 65000.00),
(19, 14, 6, 1, 29999.00),
(20, 14, 2, 2, 32499.00),
(21, 14, 8, 3, 13199.00),
(22, 15, 6, 1, 29999.00);

-- --------------------------------------------------------

--
-- Структура таблицы `products`
--

DROP TABLE IF EXISTS `products`;
CREATE TABLE IF NOT EXISTS `products` (
  `id` int NOT NULL AUTO_INCREMENT,
  `name` varchar(255) COLLATE utf8mb4_unicode_ci NOT NULL,
  `price` decimal(10,2) NOT NULL,
  `description` text COLLATE utf8mb4_unicode_ci,
  `full_description` text COLLATE utf8mb4_unicode_ci,
  `image` varchar(255) COLLATE utf8mb4_unicode_ci DEFAULT NULL,
  `stock` int DEFAULT '0',
  `created_at` timestamp NULL DEFAULT CURRENT_TIMESTAMP,
  `updated_at` timestamp NULL DEFAULT CURRENT_TIMESTAMP ON UPDATE CURRENT_TIMESTAMP,
  `screen_size` decimal(4,1) DEFAULT NULL COMMENT 'Діагональ екрану в дюймах',
  `video_card_type` enum('Integrated','Discrete') COLLATE utf8mb4_unicode_ci DEFAULT 'Integrated' COMMENT 'Тип відеокарти',
  `storage_type` enum('HDD','SSD','SSD+HDD') COLLATE utf8mb4_unicode_ci DEFAULT 'SSD' COMMENT 'Тип накопичувача',
  `device_weight` decimal(4,2) DEFAULT NULL COMMENT 'Вага пристрою в кг',
  PRIMARY KEY (`id`)
) ENGINE=MyISAM AUTO_INCREMENT=24 DEFAULT CHARSET=utf8mb4 COLLATE=utf8mb4_unicode_ci;

--
-- Дамп данных таблицы `products`
--

INSERT INTO `products` (`id`, `name`, `price`, `description`, `full_description`, `image`, `stock`, `created_at`, `updated_at`, `screen_size`, `video_card_type`, `storage_type`, `device_weight`) VALUES
(1, 'Ноутбук ASUS TUF Gaming F15', 35999.00, 'Ігровий ноутбук з процесором Intel Core i5-11400H та відеокартою NVIDIA GeForce RTX 3050', 'Ноутбук ASUS TUF Gaming F15 оснащений 15.6-дюймовим IPS-екраном з роздільною здатністю Full HD (1920x1080) та частотою оновлення 144 Гц. Під капотом встановлений 6-ядерний процесор Intel Core i5-11400H, 16 ГБ оперативної пам\'яті DDR4 та SSD-накопичувач на 512 ГБ. За графіку відповідає дискретна відеокарта NVIDIA GeForce RTX 3050 з 4 ГБ відеопам\'яті. Ноутбук має підсвічування клавіатури RGB, веб-камеру HD 720p, стереодинаміки з підтримкою DTS:X Ultra, модулі Wi-Fi 6 та Bluetooth 5.2, а також багатий набір портів (USB 3.2 Gen 1 Type-A, USB 3.2 Gen 2 Type-C, HDMI 2.0, RJ-45). Працює на операційній системі Windows 11.', 'https://files.foxtrot.com.ua/PhotoNew/img_0_58_27465_0_1_GnLWYZ.webp\r\nhttps://files.foxtrot.com.ua/PhotoNew/img_0_58_27465_0_1_mImOvb.webp\r\nhttps://content2.rozetka.com.ua/goods/images/big/350881989.jpg', 2, '2025-03-19 14:06:35', '2025-03-26 20:34:14', 15.6, 'Discrete', 'SSD', 2.20),
(2, 'Ноутбук Lenovo IdeaPad Gaming 3', 32499.00, 'Потужний ігровий ноутбук з процесором AMD Ryzen 5 5600H та відеокартою NVIDIA GeForce RTX 3050 Ti', 'Ноутбук Lenovo IdeaPad Gaming 3 оснащений 15.6-дюймовим IPS-екраном з роздільною здатністю Full HD (1920x1080) та частотою оновлення 120 Гц. Працює на базі 6-ядерного процесора AMD Ryzen 5 5600H, має 16 ГБ оперативної пам\'яті DDR4 3200 МГц та SSD-накопичувач PCIe на 512 ГБ. Графічний адаптер - NVIDIA GeForce RTX 3050 Ti з 4 ГБ відеопам\'яті GDDR6. Ноутбук оснащений клавіатурою з білим підсвічуванням, стереодинаміками з підтримкою Nahimic Audio, модулями Wi-Fi 6 та Bluetooth 5.1, веб-камерою HD 720p з приватним затвором та батареєю на 45 Вт·год, яка забезпечує до 8 годин автономної роботи. Працює на операційній системі Windows 11 Home.', 'https://brain.com.ua/static/images/prod_img/5/8/U0882358_2_1739260666.jpg\r\nhttps://brain.com.ua/static/images/prod_img/5/8/U0882358_2_1739260666.jpg\r\nhttps://brain.com.ua/static/images/prod_img/5/8/U0882358_4_1739260668.jpg', 1, '2025-03-19 14:06:35', '2025-03-26 20:35:34', 15.6, 'Discrete', 'SSD', 2.25),
(3, 'Ноутбук Dell G3 3500', 36000.00, 'Ігровий ноутбук з процесором Intel Core i7-10750H та відеокартою NVIDIA GeForce GTX 1650 ti', 'Ноутбук Dell G3 3500 оснащений 15.6-дюймовим IPS-екраном з роздільною здатністю Full HD (1920x1080) та частотою оновлення 120 Гц. Працює на базі 6-ядерного процесора Intel Core i7-10750H з тактовою частотою до 5.0 ГГц в режимі Turbo Boost. Має 16 ГБ оперативної пам\'яті DDR4 2933 МГц та комбіновану систему зберігання даних: SSD-накопичувач PCIe NVMe на 512 ГБ та жорсткий диск на 1 ТБ. Графічний адаптер - NVIDIA GeForce GTX 1650 з 4 ГБ відеопам\'яті GDDR6. Ноутбук має двозонне підсвічування клавіатури, стереодинаміки з підтримкою Nahimic 3D Audio, модулі Wi-Fi 6 та Bluetooth 5.1, веб-камеру HD 720p та порти USB 3.2 Gen 1 Type-A, USB 3.2 Gen 2 Type-C з DisplayPort, HDMI 2.0, RJ-45, комбінований аудіороз\'єм. Працює на операційній системі Windows 11 Home.', 'https://pc.com.ua/tmp/images/products/10672/92848577373533-590x690-f.webp\r\nhttps://www.ogogo.net.ua/wp-content/uploads/2018/09/Dell-G3-15-4.jpg\r\nhttps://images.prom.ua/6524280314_w300_h300_igrovoj-noutbuk-b-klass.jpg', 8, '2025-03-19 14:06:35', '2025-03-26 19:01:00', 15.6, 'Discrete', 'SSD', 1.80),
(4, 'Dell XPS 13 9345', 58999.00, 'Преміальний компактний ноутбук', 'Ноутбук Dell, модель XPS 13 9345 (XPS9345-SX12807BLK-PUS) оснащений усім необхідним для швидкої комфортної роботи та ігор. Швидкодія забезпечує 12-ядерний процесор Куалкомм Снапдрагон Х Еліта С1Е-80-100 із частотою роботи 3,4 ГГц і 16 ГБ оперативної пам\'яті. Для зберігання даних встановлений швидкісний накопичувач 512 ГБ SSD. Відео на 13,3\" OLED екран з роздільною здатністю 2880x1800 точок виводить графічний адаптер Qualcomm Adreno. На корпусі ноутбука є роз\'єми: 3,5 мм аудіо / 2х USB4, USB Type-C with DisplayPort. наявності Wi-Fi 802.11 ах та Bluetooth 5.4. ', 'https://itmag.ua/upload/iblock/1f2/wm7s3rc2dfxag9flvpn0u1vd1ajqw24c/351zhzhee.jpg\r\nhttps://itmag.ua/upload/iblock/1a8/otqw26keov7tnd13uhkja1xwnmfcp1rs/352zhzhee.jpg\r\nhttps://itmag.ua/upload/iblock/8f9/vi6ptvkmtduxeqd83q0dwr375xohcwuy/355zhzhee.jpg', 6, '2025-03-25 19:16:55', '2025-03-26 19:10:43', 13.3, 'Integrated', 'SSD', 1.30),
(5, 'Gigabyte Aorus 16X 9KG (2024)', 79999.00, 'Професійний ноутбук для геймерів та навчання', 'Настав час скористатися силою ІІ. Представляємо нову лінійку ігрових ноутбуків із штучним інтелектом від GIGABYTE. Новий AORUS 16X оснащений процесором Intel Core та графічним процесором для ноутбуків NVIDIA GeForce RTX серії 40 для ноутбуків для потужного генеративного штучного інтелекту. Ai Nexus, комплексний досвід штучного інтелекту як для геймерів, так і для авторів, піднімає керування харчуванням, ігрову продуктивність та програмне забезпечення для генеративного штучного інтелекту на новий рівень. Тепер все стало ще більш функціональним завдяки передовій технології охолодження WINDFORCE Infinity.\r\n\r\nФормуйте бачення\r\nЧим більшу картину ви бачите, тим більшого ви досягнете. AORUS 16X має збільшену область перегляду із співвідношенням сторін 16:10, а завдяки запатентованій конструкції рамки GIGABYTE він забезпечує краще у своєму класі занурення, ніж будь-коли.\r\n\r\nНоутбуки GeForce RTX 40 Series\r\nГрафічні процесори NVIDIA GeForce RTX серії 40 для ноутбуків забезпечують роботу найшвидших у світі ноутбуків для геймерів та творчих людей. Створені на основі надефективної архітектури NVIDIA Ada Lovelace, вони забезпечують якісний стрибок у продуктивності завдяки технології DLSS 3 на базі штучного інтелекту та дозволяють створювати реалістичні віртуальні світи з повним трасуванням променів.\r\n\r\nНайвища ігрова продуктивність\r\nAORUS 16X забезпечує найвищу продуктивність настільного рівня.\r\n\r\nНайкраща пам\'ять DDR5-4800\r\nІгрові ноутбуки AORUS підтримують найвищі специфікації DDR5-4800, доступні сьогодні на ринку. Швидкість 4800 МТ/с повністю розкривається, збільшуючи частоту кадрів в іграх та забезпечуючи стабільну продуктивність системи під час багатозадачності і навіть у найінтенсивніших іграх.\r\n\r\nОхолодження\r\nЗавдяки вентиляторам підвищеної потужності та конструкції Efficient Total Thermal, AORUS 16X здатний працювати без дроселювання при важких робочих навантаженнях та залишатися непоміченим при легких навантаженнях.\r\n\r\nЗвукове враження\r\nAORUS 16X, оснащений технологією Dolby, підвищує якість зображення та звуку до рівня кінематографічного свята для ваших очей та вух. Просторові звуки та розширений HDR-контент вражають вас.', 'https://brain.com.ua/static/images/prod_img/7/2/U0959272_2big_1738419243.jpg\r\nhttps://brain.com.ua/static/images/prod_img/7/2/U0959272_4big_1738419245.jpg\r\nhttps://brain.com.ua/static/images/prod_img/7/2/U0959272_5big_1738419246.jpg', 2, '2025-03-25 19:16:55', '2025-03-26 19:20:04', 16.0, 'Discrete', 'SSD', 2.30),
(6, 'Ноутбук MSI Modern 15 F13MG', 29999.00, 'Бюджетний ноутбук для офісної роботи', 'Підніміть свій бізнес на новий рівень за допомогою витонченого та ультрапортативного Modern 15 F13M. Його ультратонкий і легкий дизайн оснащений процесором Intel Core. Завдяки довговічній батареї та повному набору портів введення-виведення, незалежно від того, перебуваєте ви в офісі, в дорозі чи подорожуєте, ви насолоджуватиметеся потужністю та продуктивністю протягом усього дня.\r\n\r\nПідтримуйте свою продуктивність\r\n\r\nЗавдяки процесору Intel Core 13-го покоління та графіці Intel Iris Xe серія Modern забезпечує виняткову продуктивність для підвищення вашої продуктивності. Коли ви працюєте в багатозадачному режимі, виконуючи різні робочі завдання, серія Modern дає змогу вам виконувати свою роботу в будь-який час і в будь-якому місці.\r\n\r\nНова хвиля ери ШІ\r\n\r\nПроявіть свою уяву - Copilot працює з вами, щоб писати, редагувати, узагальнювати, створювати контент - і навіть давати пропозиції. MSI AI Engine автоматично налаштовує ваш ноутбук на найоптимальніші параметри. Використовуйте міць ШІ в будь-який час і в будь-якому місці.\r\n\r\nЗбільшений термін служби батареї\r\n\r\nБільше жодних занепокоєнь - якщо ви забули взяти з собою докучливі перехідники й адаптери, серія Modern забезпечить вам необхідний запас роботи на цілий день і підтримує заряджання через порт USB-C PD для швидкого й ефективного заряджання акумулятора.\r\n\r\nЗручність під рукою\r\n\r\nModern 15 розроблено для задоволення ваших різноманітних потреб у різних сценаріях мобільності. Тепер з оновленою, більшою сенсорною панеллю, повнорозмірною клавіатурою з підсвічуванням і ходом клавіш 1.7 мм та функцією Flip-n-Share, яка відкидається на 180°. Ви також можете закрити камеру ноутбука за допомогою фізичної шторки веб-камери, щоб забезпечити більш безпечний і конфіденційний досвід.\r\n\r\nРозширте свій робочий простір\r\n\r\nПідключіть два додаткові монітори через порти HDMI і Type-C для створення конфігурації з трьох екранів (матричний дисплей 1 + 2), що підвищить вашу продуктивність за рахунок безперебійної багатозадачності.\r\n\r\nБезперебійне під\'єднання\r\n\r\nНасолоджуйтеся ультратонким і легким без компромісів. Серія Modern містить усі основні повнофункціональні порти, необхідні для швидкого та безперебійного під\'єднання на ходу, ви можете легко під\'єднати всі ваші поточні периферійні пристрої, дисплеї та проектори, підвищуючи ефективність роботи.\r\n\r\nНезвичайний бездротовий досвід\r\n\r\nWi-Fi 6E забезпечує приголомшливу швидкість, зберігаючи водночас безперебійну та стабільну роботу мережі, навіть у разі спільного використання мережі з численними користувачами. Завдяки видатній пропускній здатності та низькій затримці ви завжди зможете насолоджуватися плавною потоковою передачею онлайн-відео або передавати великі файли.\r\n\r\nБільш гнучкий, більш продуктивний\r\n\r\nПідтримує можливість модернізації пам\'яті DDR4 з 2 слотами, що дає змогу використовувати двоканальний режим для підвищення швидкості та значного приросту продуктивності.\r\n\r\nЗахоплюючий звук\r\n\r\nКоли ви насолоджуєтеся музикою з Modern Series, ви почуєте звук таким, яким він має бути. Завдяки можливості підтримки семплювання до 24 біт/192 кГц ви почуєте звук таким, яким він був задуманий.', 'https://brain.com.ua/static/images/prod_img/2/9/U1014429_2big_1738819373.jpg\r\nhttps://brain.com.ua/static/images/prod_img/2/9/U1014429_4big_1738819374.jpg\r\nhttps://brain.com.ua/static/images/prod_img/2/9/U1014429_5big_1738819375.jpg', 11, '2025-03-25 19:16:55', '2025-03-26 20:40:13', 15.6, 'Integrated', 'SSD', 1.70),
(7, 'ASUS ROG Strix G15 G513RC', 69999.00, 'Потужний ігровий ноутбук', 'Ігровий ноутбук ASUS, модель ROG Strix G15 G513RC (G513RC-HN088W) прекрасно оснащений для ігор та розваг. Швидкодія забезпечує 8-ядерний процесорAMD Ryzen 7 6800Hз частотою роботи 3,2 ГГц (до 4,7 ГГц в режимі TurboBoost) і 16 ГБ оперативної пам\'яті. Для зберігання даних встановлений накопичувач 512 ГБ SSD. Відео на  15,6” IPS екран з роздільною здатністю 1920x1080 точок виводить графічний адаптерNVIDIA GeForce RTX 3050, 4 ГБ GDDR6. На корпусі ноутбука є роз\'єми 3,5 мм аудіо, 1x HDMI 2.0b, 2x USB 3.2 Gen 1 Type-A, 1x USB 3.2 Gen 2 Type-C support DisplayPort, 1x USB 3.2 Gen 2 Type-C, 1x RJ45 LAN port. З бездротових комунікацій в наявності Wi-Fi 802.11 ах і Bluetooth. Тривалий час автономної роботи забезпечує 4 осередковий акумулятор.', 'https://noteboochek.com.ua/image/cache/catalog/products/37596/asus-rog-strix-g15-g513qm-g513qm-hq415t-2-600x600.jpg\r\nhttps://itmag.ua/upload/iblock/268/udgdowf1tiasjjwdkyognewq7o7pn7f0/198zzkhkh.jpg', 4, '2025-03-25 19:16:55', '2025-03-26 19:34:20', 15.6, 'Discrete', 'SSD', 2.10),
(8, 'Acer Aspire 3 A315-35', 13199.00, 'Легкий ультрабук для повсякденного використання', 'Acer Aspire 3 A315-35 — універсальний ноутбук, який підійде для офісної роботи чи використання у домашніх умовах. Допоможе шукати інформацію в мережі та займатися повсякденними справами.\r\n\r\nЗберіг фірмову простоту дизайну, яку було доповнено цікавим кольором корпусу. Виконаний у стандартних габаритах, оснащений 15,6-дюймовим екраном, який дасть змогу із задоволенням переглядати улюблені фільми чи працювати над редагуванням документа.\r\n\r\nВага моделі складає трохи менше ніж 2 кг, тому за необхідності його можна буде перенести в іншу кімнату чи взяти з собою в дорогу, використовуючи спеціальну сумку чи рюкзак. Пристрій вирізняється доволі витривалою батареєю, що важливо тим спеціалістам, які часто працюють поза офісом, мають тримати справи під контролем чи їздити у відрядження. Для підключення периферійних пристроїв, зовнішніх дисків, флеш-накопичувачів і аксесуарів, пристрій оснащений набором портів: USB і HDMI. Зберігся і LAN-порт для інтернет-кабелю, що буде зручно для офісного чи домашнього використання, адже дозволяє використовувати швидкісне дротове підключення до мережі. Під час роботи з бездротовим підключенням, ноутбук також не розчарує, адже підтримує сучасний стандарт Wi-Fi 802.11 ac.\r\n\r\nКлавіатура ноутбука зручна для набору тексту, адже має розділені клавіші. Також вона оснащена цифровою панеллю для вводу числових даних, що оцінять фінансисти, бухгалтери та студенти економічних факультетів, тобто користувачі, які часто мають справу з цифрами. Тачпад допоможе комфортно працювати без мишки, наприклад, у дорозі чи поза офісом. Для зручності він зміщений до лівого краю ноутбука.\r\n\r\nAcer Aspire 3 A315 оснастили сучасними компонентами: процесором Intel Celeron N4500 і містким SSD-накопичувачем, який дозволить зберігати велику кількість даних і швидко маніпулювати ними.', 'https://brain.com.ua/static/images/prod_img/2/6/U1022326_2big_1741184347.jpg\r\nhttps://brain.com.ua/static/images/prod_img/2/6/U1022326_4big_1741184349.jpg\r\nhttps://brain.com.ua/static/images/prod_img/2/6/U1022326_6big_1741184351.jpg', 4, '2025-03-25 19:16:55', '2025-03-26 20:26:09', 15.6, 'Integrated', 'SSD', 1.90),
(9, 'HP Pavilion 16-ag0023ua', 33755.00, 'Ноутбук для роботи та навчання', 'HP Pavilion 16 — надійний ноутбук для роботи та навчання із сучасними компонентами в начинці та тонким корпусом зі стриманим дизайном. Беріть його з собою на ділові зустрічі, працюйте в кафе або без проблем подорожуйте, відвідуючи важливі наради чи заняття онлайн.\r\n\r\nОснащений IPS-дисплеєм розміром 16 дюймів, має хорошу роздільну здатність 1920×1200 для чіткої та насиченої картинки. Насолоджуйтеся якісним зображенням із яскравими кольорами та зручним співвідношенням сторін, що відображає більше вмісту з меншим прокручуванням. Завдяки матовому покриттю ви зможете зручно працювати без відблисків навіть в офісі зі штучним освітленням.\r\n\r\nНачинка моделі представлена сучасним процесором AMD Ryzen 5 8540U та новітнім типом оперативної пам\'яті DDR5. Ноутбук легко впорається з обробкою великої кількості даних та запуском енергомістких застосунків. У апаратній конфігурації також наявний SSD-диск, робота якого полягає у записі та збереженні інформації.\r\n\r\nHP Pavilion оснащений сучасними інтерфейсами, тому дозволить швидко здійснювати запис та передачу інформації між різними пристроями. Ще однією перевагою є повнорозмірна клавіатура із цифровим блоком, завдяки якій буде легко працювати із великими масивами числових даних, проводити розрахунки та листуватися.\r\n\r\nЗавдяки підтримці новітнього стандарту зв\'язку Wi-Fi 802.11ax ноутбук пропонує швидку передачу даних у бездротовій мережі. Це зручно для потокової передачі відео, віртуальних розваг, онлайн-конференцій. А за допомогою вебкамери та мікрофону без проблем проводьте віддалені співбесіди чи лекції.\r\n\r\nHP Pavilion 16 — хороший вибір для користувачів, які потребують якісної техніки для різноманітних завдань. ', 'https://brain.com.ua/static/images/prod_img/9/0/U0993390_2big_1737144285.jpg\r\nhttps://brain.com.ua/static/images/prod_img/9/0/U0993390_4big_1737144289.jpg\r\nhttps://brain.com.ua/static/images/prod_img/9/0/U0993390_5big_1737144292.jpg', 7, '2025-03-25 19:16:55', '2025-03-26 19:44:20', 16.0, 'Discrete', 'SSD', 2.20),
(10, 'Lenovo X1 Carbon G12', 65000.00, 'Бізнес-ноутбук для професіоналів', 'Lenovo ThinkPad X1 Carbon G12 — надійний та ультратонкий ноутбук для ведення бізнес-процесів виконаний в елегантному дизайні. Пристрій оснащений усім необхідним для ефективної роботи будь-де. Він має невеликі розміри, тому його з легкістю можна взяти в офіс, на ділові зустрічі, у відрядження і навіть у подорож.\r\n\r\nОтримайте якісне зображення з чіткими деталями та реалістичними кольорами за допомогою 14-дюймового IPS-дисплея з хорошою роздільною здатністю. Наявна сертифікація Eyesafe сприятиме зменшенню випромінення шкідливого світла та відповідно захищатиме очі під час тривалих робочих сеансів.\r\n\r\nНачинку пристрою складають компоненти преміумкласу, як от процесор Intel Core Ultra 5 125U у команді зі швидкою оперативною пам\'яттю та містким SSD-накопичувачем. Ноутбук впорається зі складними задачами, тому стане надійним партнером для професіоналів своєї справи. Насолоджуйтеся оптимізованою продуктивністю завдяки робочим навантаженням, переданим спеціальним механізмам штучного інтелекту, зокрема блоку нейронної обробки з низьким енергоспоживанням (NPU) для складних завдань і тривалого часу автономної роботи.\r\n\r\nЕргономічна клавіатура з підсвічуванням має червоний TrackPoint, що дозволяє переміщатися чи відкривати швидке меню ThinkPad, щоб оптимізувати аудіо та відео, налаштувати сповіщення щодо вимкнення звуку, робити нотатки тощо. Крім того, два 360-градусних мікрофони з шумопоглинанням на основі штучного інтелекту в поєднанні з Dolby Voice ​​і Dolby Atmos забезпечують чудове звучання.\r\n\r\nLenovo ThinkPad X1 Carbon G12 — портативний ноутбук із хорошою начинкою, технологіями ШІ та зручним шарніром, що гарантуватиме максимально комфортне використання.', 'https://brain.com.ua/static/images/prod_img/1/9/U0924919_2_1738282613.jpg\r\nhttps://brain.com.ua/static/images/prod_img/1/9/U0924919_4_1738282614.jpg\r\nhttps://content1.rozetka.com.ua/goods/images/big/423031987.jpg', 1, '2025-03-25 19:16:55', '2025-03-26 19:56:11', 14.0, 'Integrated', 'SSD', 1.10);

-- --------------------------------------------------------

--
-- Структура таблицы `product_images`
--

DROP TABLE IF EXISTS `product_images`;
CREATE TABLE IF NOT EXISTS `product_images` (
  `id` int NOT NULL AUTO_INCREMENT,
  `product_id` int NOT NULL,
  `image_filename` varchar(255) COLLATE utf8mb4_unicode_ci NOT NULL,
  PRIMARY KEY (`id`),
  KEY `product_id` (`product_id`)
) ENGINE=MyISAM AUTO_INCREMENT=34 DEFAULT CHARSET=utf8mb4 COLLATE=utf8mb4_unicode_ci;

--
-- Дамп данных таблицы `product_images`
--

INSERT INTO `product_images` (`id`, `product_id`, `image_filename`) VALUES
(1, 1, 'https://files.foxtrot.com.ua/PhotoNew/img_0_58_27465_0_1_GnLWYZ.webp'),
(2, 2, 'https://brain.com.ua/static/images/prod_img/5/8/U0882358_1739260665.jpg'),
(3, 3, 'https://s.ek.ua/jpg_zoom1/1830648.jpg'),
(4, 4, 'https://itmag.ua/upload/iblock/eae/hfxfo1dmazcfr7qycvf2v4bzfme6wq1l/350zhzhee.jpg'),
(5, 5, 'https://brain.com.ua/static/images/prod_img/7/2/U0959272_big_1738419242.jpg'),
(6, 6, 'https://brain.com.ua/static/images/prod_img/2/9/U1014429_big_1738819372.jpg'),
(7, 7, 'https://itmag.ua/upload/resize_cache/iblock/b9b/xo7uc3e2woynime5kky5tuhm1r554zfa/350_400_1/376llo.webp'),
(8, 8, 'https://brain.com.ua/static/images/prod_img/2/6/U1022326_big_1741184346.jpg'),
(9, 9, 'https://brain.com.ua/static/images/prod_img/9/0/U0993390_big_1737144282.jpg'),
(10, 10, 'https://content2.rozetka.com.ua/goods/images/big/423031985.jpg');
COMMIT;

/*!40101 SET CHARACTER_SET_CLIENT=@OLD_CHARACTER_SET_CLIENT */;
/*!40101 SET CHARACTER_SET_RESULTS=@OLD_CHARACTER_SET_RESULTS */;
/*!40101 SET COLLATION_CONNECTION=@OLD_COLLATION_CONNECTION */;
